intent;question;answer;category;tags
city_history;Πες μου λίγα λόγια για την ιστορία της Κορίνθου.;Η Κόρινθος είναι μια ιστορική πόλη με 4.000 χρόνια ζωής. Υπήρξε το μεγαλύτερο εμπορικό κέντρο της Αρχαίας Ελλάδας (9ος-8ος αι. π.Χ.), ανέπτυξε τον Κορινθιακό αρχιτεκτονικό ρυθμό, καταστράφηκε από τους Ρωμαίους (146 π.Χ.) και ανοικοδομήθηκε από τον Ιούλιο Καίσαρα (44 π.Χ.). Έγινε σημαντικό κέντρο του Χριστιανισμού με τον Απόστολο Παύλο και μετά από αιώνες κατοχής απελευθερώθηκε το 1822. Σεισμοί (1858, 1928) τη μετέφεραν στη σημερινή της θέση, όπου παραμένει ζωντανή και σύγχρονη πόλη.;Δήμος – Γενικά;ιστορία, πόλη, αρχαιότητα, Κόρινθος;
mayor_name;"Ποιος είναι ο Δήμαρχος Κορινθίων;";Ο Δήμαρχος Κορινθίων είναι ο Νίκος Σταυρέλης.;Δήμαρχος & Διοίκηση;δήμαρχος, όνομα, διοίκηση;
mayor_phone;"Ποιο είναι το τηλέφωνο του Δημάρχου;";Γραμματεία Δημάρχου: 27413-61001, 27413-61041;Δήμαρχος & Διοίκηση;τηλέφωνο, δήμαρχος, επικοινωνία;
mayor_email;"Ποιο είναι το email του Δημάρχου;";Email Δημάρχου: grafeiodimarxou@korinthos.gr;Δήμαρχος & Διοίκηση;email, δήμαρχος, επικοινωνία;
mayor_press_office;"Ποιο είναι το email του Γραφείου Τύπου του Δημάρχου;";Γραφείο Τύπου Δημάρχου: τηλ. 27413-61045, email grafeiotypou@korinthos.gr;Δήμαρχος & Διοίκηση;γραφείο τύπου, δήμαρχος, email, τηλέφωνο;
mayor_contact_link;"Πού μπορώ να βρω στοιχεία επικοινωνίας για τον Δήμαρχο;";Όλα τα στοιχεία επικοινωνίας του Δημάρχου και των Αντιδημάρχων βρίσκονται στη σελίδα: korinthos.gr/epikoinwnia/;Δήμαρχος & Διοίκηση;δήμαρχος, επαφή, ιστοσελίδα, σύνδεσμος;
deputy_culture;"Ποιος είναι ο Αντιδήμαρχος Πολιτισμού;";Ο Αντιδήμαρχος Πολιτισμού είναι ο Παναγιώτης Λαμπρινός. Τηλέφωνο: 27410-20109, Email: p.labrinos@korinthos.gr;Δήμαρχος & Διοίκηση;αντιδήμαρχος, πολιτισμός, επικοινωνία;
deputy_agriculture;"Ποιος είναι ο Αντιδήμαρχος Αγροτικής Πολιτικής και Νεκροταφείων;";Ο Αντιδήμαρχος Αγροτικής Πολιτικής και Νεκροταφείων είναι ο Κωνσταντίνος Αγγέλου.;Δήμαρχος & Διοίκηση;αντιδήμαρχος, αγροτική πολιτική, νεκροταφεία;
deputy_sports;"Ποιος είναι ο Αντιδήμαρχος Αθλητισμού;";Ο Αντιδήμαρχος Αθλητισμού είναι ο Σταύρος Δανιήλ. Email: s.daniil@korinthos.gr;Δήμαρχος & Διοίκηση;αντιδήμαρχος, αθλητισμός, email;
deputy_education;"Ποιος είναι ο Αντιδήμαρχος Παιδείας;";Ο Αντιδήμαρχος Παιδείας είναι ο Κωνσταντίνος Δημάκος.;Δήμαρχος & Διοίκηση;αντιδήμαρχος, παιδεία;
deputy_daily_life;"Ποιος είναι ο Αντιδήμαρχος Καθημερινότητας;";Ο Αντιδήμαρχος Καθημερινότητας είναι ο Ιωάννης Καρασάββας.;Δήμαρχος & Διοίκηση;αντιδήμαρχος, καθαριότητα, καθημερινότητα;
deputy_social_policy;"Ποιος είναι ο Αντιδήμαρχος Κοινωνικής Πολιτικής;";Ο Αντιδήμαρχος Κοινωνικής Πολιτικής είναι ο Χρήστος Μελέτης.;Δήμαρχος & Διοίκηση;αντιδήμαρχος, κοινωνική πολιτική;
deputy_urban_planning;"Ποιος είναι ο Αντιδήμαρχος Πολεοδομίας;";Ο Αντιδήμαρχος Πολεοδομίας είναι ο Βασίλειος Πανταζής.;Δήμαρχος & Διοίκηση;αντιδήμαρχος, πολεοδομία;
deputy_digital_policy;"Ποιος είναι ο Αντιδήμαρχος Ψηφιακής Πολιτικής και Χρηματοδοτούμενων Προγραμμάτων;";Ο Αντιδήμαρχος Ψηφιακής Πολιτικής και Χρηματοδοτούμενων Προγραμμάτων είναι ο Βαγγέλης Παπαϊωάννου.;Δήμαρχος & Διοίκηση;αντιδήμαρχος, ψηφιακή πολιτική, προγράμματα;
deputy_cleanliness;"Ποιος είναι ο Αντιδήμαρχος Καθαριότητας;";Ο Αντιδήμαρχος Καθαριότητας είναι ο Ανδρέας Πούλος.;Δήμαρχος & Διοίκηση;αντιδήμαρχος, καθαριότητα;
deputy_green_commerce;"Ποιος είναι ο Αντιδήμαρχος Πρασίνου και Εμπορίου;";Ο Αντιδήμαρχος Πρασίνου και Εμπορίου είναι ο Δημήτριος Τζαναβάρας.;Δήμαρχος & Διοίκηση;αντιδήμαρχος, πράσινο, εμπόριο;
deputy_admin_finance;"Ποιος είναι ο Αντιδήμαρχος Διοικητικών και Οικονομικών Υπηρεσιών;";Ο Αντιδήμαρχος Διοικητικών και Οικονομικών Υπηρεσιών είναι ο Ιωάννης Τσάκωνας.;Δήμαρχος & Διοίκηση;αντιδήμαρχος, διοικητικά, οικονομικά;
deputy_tourism;"Ποιος είναι ο Αντιδήμαρχος Τουρισμού;";Η Αντιδήμαρχος Τουρισμού είναι η Δήμητρα Τσουλούχα. Τηλέφωνο: 27410-76353, Email: d.tsouloucha@korinthos.gr;Δήμαρχος & Διοίκηση;αντιδήμαρχος, τουρισμός, επικοινωνία;
cityhall_address;"Σε ποια οδό της πόλης βρίσκεται το Δημαρχείο;";Διεύθυνση Δημαρχείου: Κολιάτσου 32, 201 31 Κόρινθος.;Δήμος – Γενικά;διεύθυνση, δημαρχείο, τοποθεσία;
cityhall_phone;"Ποιο είναι το τηλέφωνο του Δημαρχείου;";Τηλέφωνα Δημαρχείου: 27413-61000 και 27413-61045.;Δήμος – Γενικά;τηλέφωνο, δημαρχείο, επικοινωνία;
cityhall_email;"Ποιο είναι το email του Δημαρχείου;";Email Δημαρχείου (Γραφείο Τύπου): grafeiotypou@korinthos.gr;Δήμος – Γενικά;email, δημαρχείο, επικοινωνία;
cityhall_social_media;"Έχει social media το Δημαρχείο;";Social Media Δήμου Κορινθίων: \nInstagram: instagram.com/dimoskorinthionofficial \nFacebook: facebook.com/korinthiondimos \nYouTube: youtube.com/@dimoskorinthion1522;Δήμος – Γενικά;social media, facebook, instagram, youtube;
cityhall_contact_link;"Πού μπορώ να βρω τα επίσημα στοιχεία επικοινωνίας του Δήμου;";Όλα τα επίσημα στοιχεία επικοινωνίας βρίσκονται στη σελίδα: https://korinthos.gr/epikoinwnia/;Δήμος – Γενικά;επικοινωνία, ιστοσελίδα, σύνδεσμος;
cityhall_callcenter_phone;"Ποιος είναι ο αριθμός του τηλεφωνικού κέντρου του Δήμου;";Τηλεφωνικό Κέντρο Δήμου Κορινθίων: 27413-61000 και 27413-61040.;Δήμος – Γενικά;τηλεφωνικό κέντρο, επικοινωνία, δήμος;
cityhall_callcenter_email;"Ποιο είναι το email του κέντρου του Δήμου στο οποίο μπορώ να απευθυνθώ;";Emails Κέντρου Δήμου: protokollo@korinthos.gr, mail@korinthos.gr;Δήμος – Γενικά;email, τηλεφωνικό κέντρο, δήμος;
mayor_phone;"Ποιο είναι το τηλέφωνο του Δημάρχου;";Γραμματεία Δημάρχου: 27413-61001, 27413-61041.;Δήμαρχος & Διοίκηση;δήμαρχος, τηλέφωνο, επικοινωνία;
mayor_email;"Ποιο είναι το email του Δημάρχου;";Email Δημάρχου: grafeiodimarxou@korinthos.gr;Δήμαρχος & Διοίκηση;δήμαρχος, email, επικοινωνία;
mayor_press_office;"Ποιο είναι το email του Γραφείου Τύπου του Δημάρχου;";Γραφείο Τύπου Δημάρχου: Τηλέφωνο 27413-61045, Email grafeiotypou@korinthos.gr;Δήμαρχος & Διοίκηση;γραφείο τύπου, δήμαρχος, email, τηλέφωνο;
kep_directorate_info;"Πού βρίσκω πληροφορίες για τη Διεύθυνση ΚΕΠ;";Σελίδα Διεύθυνσης ΚΕΠ (Κέντρου Εξυπηρέτησης Πολιτών).;https://korinthos.gr/dieythynseis/dieythinsh-kep/;ΚΕΠ;διεύθυνση, kep, πληροφορίες
admin_services_directorate_info;"Πού βρίσκω πληροφορίες για τη Διεύθυνση Διοικητικών Υπηρεσιών;";Σελίδα Διεύθυνσης Διοικητικών Υπηρεσιών.;https://korinthos.gr/dieythynseis/dieythinsh-dioikhtikwn-yphresiwn/;Δήμαρχος & Διοίκηση;διεύθυνση, διοικητικές υπηρεσίες
admin_elected_body_dept_contact;"Ποια είναι τα στοιχεία επικοινωνίας του Τμήματος Αιρετών Οργάνων;";Τηλ.: 2741361003 • Email: e.deli@korinthos.gr;https://korinthos.gr/dieythynseis/dieythinsh-dioikhtikwn-yphresiwn/;Δήμαρχος & Διοίκηση;τμήμα, αιρετά όργανα, τηλέφωνο, email
local_dev_directorate_info;"Πού βρίσκω πληροφορίες για τη Διεύθυνση Τοπικής Ανάπτυξης;";Σελίδα Διεύθυνσης Τοπικής Ανάπτυξης.;https://korinthos.gr/dieythynseis/dieythinsh-topikhs-anaptykshs/;Άδειες & Τέλη;διεύθυνση, τοπική ανάπτυξη
commerce_services_dept_contact;"Ποια είναι τα στοιχεία επικοινωνίας του Τμήματος Εμπορίου και Υπηρεσιών;";Τηλ.: 2741362841 • Email: emporio@korinthos.gr;https://korinthos.gr/dieythynseis/dieythinsh-topikhs-anaptykshs/;Άδειες & Τέλη;τμήμα, εμπόριο, τηλέφωνο, email
cleanliness_recycling_directorate_info;"Πού βρίσκω πληροφορίες για τη Διεύθυνση Καθαριότητας και Ανακύκλωσης;";Σελίδα Διεύθυνσης Καθαριότητας & Ανακύκλωσης.;https://korinthos.gr/dieythynseis/dieythinsh-kathariothtas-anakyklwshs/;Τεχνικές Υπηρεσίες;διεύθυνση, καθαριότητα, ανακύκλωση
cleaning_dept_phone;"Ποιο είναι το τηλέφωνο του Τμήματος Καθαριότητας;";Τηλ.: 2741027004;https://korinthos.gr/dieythynseis/dieythinsh-kathariothtas-anakyklwshs/;Τεχνικές Υπηρεσίες;τμήμα, καθαριότητα, τηλέφωνο
edu_culture_sports_directorate_info;"Πού βρίσκω πληροφορίες για τη Διεύθυνση Παιδείας, Πολιτισμού και Αθλητισμού;";Σελίδα Διεύθυνσης Παιδείας, Πολιτισμού & Αθλητισμού.;https://korinthos.gr/dieythynseis/dieythinsh-paideias-politismoy-athlitismou/;Παιδεία & Πολιτισμός;διεύθυνση, παιδεία, πολιτισμός, αθλητισμός
education_lifelong_dept_contact;"Ποια είναι τα στοιχεία επικοινωνίας του Τμήματος Παιδείας και Δια Βίου Μάθησης;";Τηλ.: 2741076353 • Email: a.reppa@korinthos.gr;https://korinthos.gr/dieythynseis/dieythinsh-paideias-politismoy-athlitismou/;Παιδεία & Πολιτισμός;τμήμα, παιδεία, email, τηλέφωνο
finance_directorate_info;"Πού βρίσκω πληροφορίες για τη Διεύθυνση Οικονομικών Υπηρεσιών;";Σελίδα Διεύθυνσης Οικονομικών Υπηρεσιών.;https://korinthos.gr/dieythynseis/dieythinsh-oikonomikwn-yphresiwn/;Άδειες & Τέλη;διεύθυνση, οικονομικές υπηρεσίες
budget_accounting_dept_contact;"Ποια είναι τα στοιχεία επικοινωνίας του Τμήματος Προϋπολογισμού και Λογιστικής Παρακολούθησης;";Τηλ.: 2741361011 • Email: d.maneli@korinthos.gr;https://korinthos.gr/dieythynseis/dieythinsh-oikonomikwn-yphresiwn/;Άδειες & Τέλη;τμήμα, προϋπολογισμός, λογιστική, email
social_policy_directorate_info;"Πού βρίσκω πληροφορίες για τη Διεύθυνση Κοινωνικής Πολιτικής;";Σελίδα Διεύθυνσης Κοινωνικής Πολιτικής.;https://korinthos.gr/dieythynseis/dieuthinsi-koinonikis-politikis/;Κοινωνικές Παροχές;διεύθυνση, κοινωνική πολιτική
social_protection_dept_contact;"Ποια είναι τα στοιχεία επικοινωνίας του Τμήματος Κοινωνικής Προστασίας;";Τηλ.: 2741362114 • Email: a.spiropoulou@korinthos.gr;https://korinthos.gr/dieythynseis/dieuthinsi-koinonikis-politikis/;Κοινωνικές Παροχές;τμήμα, κοινωνική προστασία, email, τηλέφωνο
tech_services_planning_directorate_info;"Πού βρίσκω πληροφορίες για τη Διεύθυνση Τεχνικών Υπηρεσιών και Πολεοδομίας;";Σελίδα Διεύθυνσης Τεχνικών Υπηρεσιών & Πολεοδομίας.;https://korinthos.gr/dieythynseis/dieythhnsh-texnikwn-yphresiwn-kai-poleodomias/;Τεχνικές Υπηρεσίες;διεύθυνση, τεχνικές υπηρεσίες, πολεοδομία
tech_works_studies_dept_contact;"Ποια είναι τα στοιχεία επικοινωνίας του Τμήματος Τεχνικών Έργων και Μελετών;";Τηλ.: 2741362831 • Email: n.koyinis@korinthos.gr;https://korinthos.gr/dieythynseis/dieythhnsh-texnikwn-yphresiwn-kai-poleodomias/;Τεχνικές Υπηρεσίες;τμήμα, τεχνικά έργα, μελέτες, email
environment_qol_directorate_info;"Πού βρίσκω πληροφορίες για τη Διεύθυνση Περιβάλλοντος και Ποιότητας Ζωής;";Σελίδα Διεύθυνσης Περιβάλλοντος & Ποιότητας Ζωής.;https://korinthos.gr/dieythynseis/dieythhnsh-perivallontos-kai-poiotitas-zois/;Τεχνικές Υπηρεσίες;διεύθυνση, περιβάλλον, ποιότητα ζωής
environment_civil_protection_dept_contact;"Ποια είναι τα στοιχεία επικοινωνίας του Τμήματος Περιβάλλοντος και Πολιτικής Προστασίας;";Τηλ.: 2741362843 • Email: j.panteleon@korinthos.gr;https://korinthos.gr/dieythynseis/dieythhnsh-perivallontos-kai-poiotitas-zois/;Τεχνικές Υπηρεσίες;τμήμα, περιβάλλον, πολιτική προστασία, email
citizen_services_overview;"Ποιες είναι οι βασικές υπηρεσίες για τον πολίτη;";Οι βασικές υπηρεσίες για τους πολίτες του Δήμου Κορινθίων παρουσιάζονται στη σελίδα «Οδηγός Πολίτη».;https://korinthos.gr/odhgos-polith/vasikes-uphresies/;Δήμος – Γενικά;πολίτης, υπηρεσίες, εξυπηρέτηση
registry_overview;"Ποιες υπηρεσίες παρέχονται από το Δημοτολόγιο;";Στην κατηγορία «Δημοτολόγιο» θα βρείτε όλες τις υπηρεσίες που αφορούν το Γραφείο Δημοτολογίου, Ιθαγένειας και Μητρώου (Τμήμα Δημοτικής Κατάστασης).;https://korinthos.gr/odhgos-polith/vasikes-uphresies/dhmotologio/;Δημοτολόγιο;δημοτολόγιο, υπηρεσίες, πολίτες
family_status_certificate_how;"Πώς εκδίδω Πιστοποιητικό Οικογενειακής Κατάστασης;";Απαιτείται αίτηση και επίδειξη ταυτότητας (όχι για ηλεκτρονική υποβολή). Εκδίδεται: 1) Ηλεκτρονικά μέσω Gov.gr, 2) Ηλεκτρονικά με αίτηση στον Δήμο Κορινθίων (με κωδικούς TaxisNet), 3) Αυτοπροσώπως σε: α) Γραφείο Δημοτολογίου, β) ΚΕΠ, γ) Κεντρικό Πρωτόκολλο Δήμου. Κόστος: Ατελώς. Χρόνος: Αυθημερόν.;https://korinthos.gr/odhgos-polith/vasikes-uphresies/dhmotologio/pistopoihtiko-oikogeneiakhs-katastashs/;Δημοτολόγιο;πιστοποιητικό, οικογενειακή κατάσταση, govgr, ΚΕΠ
birth_certificate_how;"Πώς εκδίδω Πιστοποιητικό Γέννησης;";Απαιτείται αίτηση και ταυτότητα (όχι για ηλεκτρονική υποβολή). Εκδίδεται: 1) Μέσω Gov.gr, 2) Ηλεκτρονική αίτηση στον Δήμο Κορινθίων (με κωδικούς TaxisNet), 3) Αυτοπροσώπως σε: α) Γραφείο Δημοτολογίου, β) ΚΕΠ, γ) Κεντρικό Πρωτόκολλο Δήμου. Κόστος: Ατελώς. Χρόνος: Αυθημερόν.;https://korinthos.gr/odhgos-polith/vasikes-uphresies/dhmotologio/pistopoihtiko-gennhshs/;Δημοτολόγιο;πιστοποιητικό, γέννηση, govgr, ΚΕΠ
locality_certificate_how;"Πώς εκδίδω Πιστοποιητικό Εντοπιότητας;";Απαιτείται αίτηση με επίδειξη ταυτότητας (όχι για ηλεκτρ. υποβολή). Έκδοση: 1) μέσω gov.gr, 2) ηλεκτρονική αίτηση στον Δήμο Κορινθίων (TaxisNet), 3) αυτοπροσώπως: α) Γραφείο Δημοτολογίου, β) ΚΕΠ, γ) Κεντρικό Πρωτόκολλο. Κόστος: ατελώς. Χρόνος: 1–2 ημέρες.;https://korinthos.gr/odhgos-polith/vasikes-uphresies/dhmotologio/pistopoihtiko-entopiothtas/;Δημοτολόγιο;πιστοποιητικό, εντοπιότητα, govgr, ΚΕΠ
metadimotefsi_how;"Πώς γίνεται η μεταδημότευση; Τι πρέπει να γνωρίζω;";Μεταφορά εκλογικών δικαιωμάτων στον Δήμο Κορινθίων. Υποβολή μέσω gov.gr (Αίτηση–ΥΔ) ή αυτοπροσώπως. Κόστος: ατελώς. Εκτίμηση: έως 10 εργάσιμες. Βασικά δικαιολογητικά ανά περίπτωση αναλυτικά στον σύνδεσμο.;https://korinthos.gr/odhgos-polith/vasikes-uphresies/dhmotologio/metadhmoteysh/;Δημοτολόγιο;μεταδημότευση, εκλογικά, govgr
metadimotefsi_due_years;"Μεταδημότευση λόγω διετούς κατοικίας: τι χρειάζομαι;";1) Αίτηση–ΥΔ μέσω gov.gr με το κείμενο διετούς μόνιμης κατοικίας (συμπληρωμένα πεδία: Επώνυμο, Όνομα, Πατέρας, Μητέρα, Κάτοικος, Οδός, Ημ. γέννησης), 2) Βεβαίωση μόνιμης κατοικίας, 3) Έγγραφο ταυτοπροσωπίας.;https://korinthos.gr/odhgos-polith/vasikes-uphresies/dhmotologio/metadhmoteysh/;Δημοτολόγιο;μεταδημότευση, διετής κατοικία, δικαιολογητικά
metadimotefsi_spouse_partner;"Μεταδημότευση συζύγων/συμβιούντων: τι χρειάζομαι;";1) Αίτηση–ΥΔ μέσω gov.gr με αίτημα εγγραφής στην οικογενειακή μερίδα συζύγου/συντρόφου (πλήρη στοιχεία), 2) Έγγραφο ταυτοπροσωπίας.;https://korinthos.gr/odhgos-polith/vasikes-uphresies/dhmotologio/metadhmoteysh/;Δημοτολόγιο;μεταδημότευση, σύζυγοι, συμβίωση
metadimotefsi_recover_origin;"Μεταδημότευση για ανάκτηση αρχικής δημοτικότητας: τι ισχύει;";Δικαίωμα άπαξ για επαναδημοτέυση στον Δήμο αρχικής δημοτικότητας (του ιδίου ή των γονέων). 1) Αίτηση–ΥΔ μέσω gov.gr με σχετικό κείμενο (πλήρη στοιχεία), 2) Έγγραφο ταυτοπροσωπίας. Αν προκύπτει από γονείς, δηλώνονται πλήρη στοιχεία γονέα.;https://korinthos.gr/odhgos-polith/vasikes-uphresies/dhmotologio/metadhmoteysh/;Δημοτολόγιο;μεταδημότευση, αρχική δημοτικότητα, δικαιολογητικά
metadimotefsi_candidates_regionals;"Μεταδημότευση υποψηφίων για περιφερειακές εκλογές: τι ισχύει;";Δύναται μεταδημότευση για υποψηφιότητα χωρίς προϋπόθεση διετούς κατοικίας. Αίτηση–ΥΔ μέσω gov.gr στον δήμο επιλογής, με ρητή δήλωση της περιφερειακής ενότητας/δήμου όπου θα είναι υποψήφιος. Για λοιπές περιπτώσεις ισχύουν και οι γενικοί λόγοι (διετής κατοικία, σύζυγοι/συμβίωση, ανάκτηση αρχικής δημοτικότητας).;https://korinthos.gr/odhgos-polith/vasikes-uphresies/dhmotologio/metadhmoteysh/;Δημοτολόγιο;μεταδημότευση, περιφερειακές εκλογές, υποψηφιότητα
metadimotefsi_notes;"Μεταδημότευση: τι άλλο πρέπει να γνωρίζω;";Τα πιστοποιητικά και ληξιαρχικές πράξεις μπορούν να αναζητηθούν αυτεπάγγελτα εφόσον τα γεγονότα έχουν τελεστεί στην Ελλάδα (εξαιρείται το Ειδικό Ληξιαρχείο Αθηνών). Τρόποι κατάθεσης: αυτοπροσώπως (Γραφείο Δημοτολογίου/ΚΕΠ).;https://korinthos.gr/odhgos-polith/vasikes-uphresies/dhmotologio/metadhmoteysh/;Δημοτολόγιο;αυτεπάγγελτη αναζήτηση, ληξιαρχικές πράξεις, ΚΕΠ
electoral_district_change;"Τι χρειάζεται για να κάνω αλλαγή εκλογικού διαμερίσματος;";Η διαδικασία αφορά δημότες που έχουν αλλάξει διεύθυνση κατοικίας. 1) Αίτηση–ΥΔ μέσω gov.gr με το σχετικό κείμενο και πλήρη στοιχεία (Επώνυμο, Όνομα, Πατέρας, Μητέρα, Οδός, Ημ. γέννησης), 2) Αποδεικτικό νέας διεύθυνσης (π.χ. λογαριασμός ΔΕΚΟ, εκκαθαριστικό). Κατάθεση: Γραφείο Δημοτολογίου. Κόστος: ατελώς. Χρόνος: αυθημερόν (οριστικοποίηση στην επόμενη εκλογική αναθεώρηση).;https://korinthos.gr/odhgos-polith/vasikes-uphresies/dhmotologio/allagh-eklogikoy-diamerismatos/;Δημοτολόγιο;εκλογικό διαμέρισμα, αλλαγή, govgr
identity_certificate_children;"Πώς εκδίδω Πιστοποιητικό Ταυτοπροσωπίας για τέκνα έως 12 ετών;";1) Αίτηση γονέα με επίδειξη ταυτότητας, 2) Υπεύθυνη Δήλωση του αιτούντα γονέα, 3) Δύο φωτογραφίες του τέκνου. Έκδοση αυτοπροσώπως: α) Γραφείο Δημοτολογίου, β) ΚΕΠ. Κόστος: ατελώς. Χρόνος: αυθημερόν.;https://korinthos.gr/odhgos-polith/vasikes-uphresies/dhmotologio/pistopoihtiko-taytoproswpias/;Δημοτολόγιο;πιστοποιητικό, ταυτοπροσωπία, τέκνα, ΚΕΠ
relatives_certificate;"Πώς εκδίδω Πιστοποιητικό Πλησιέστερων Συγγενών;";Αφορά περιπτώσεις θανάτου για διευθέτηση περιουσιακών ή κληρονομικών θεμάτων. 1) Αίτηση με ταυτότητα/διαβατήριο/δίπλωμα, 2) Ληξιαρχική Πράξη Θανάτου (ζητείται αυτεπάγγελτα), 3) Υπεύθυνες Δηλώσεις μαρτύρων όπου απαιτείται. Έκδοση: 1) μέσω gov.gr (αν έχει εκδοθεί ήδη), 2) Αυτοπροσώπως (Γραφείο Δημοτολογίου ή ΚΕΠ). Κόστος: ατελώς. Χρόνος: έως 10 εργάσιμες.;https://korinthos.gr/odhgos-polith/vasikes-uphresies/dhmotologio/pistopoihtiko-plhsiersterwn-syggenwn/;Δημοτολόγιο;πιστοποιητικό, συγγενείς, θάνατος, govgr, ΚΕΠ
military_certificate;"Πώς εκδίδω Πιστοποιητικό Στρατολογίας για μειωμένη θητεία ή αναβολή;";Απαιτείται αίτηση με επίδειξη ταυτότητας του ενδιαφερόμενου ή γονέα. Έκδοση αυτοπροσώπως: 1) Γραφείο Δημοτολογίου ή 2) ΚΕΠ. Κόστος: ατελώς. Χρόνος: έως 10 εργάσιμες. Μπορεί να αναζητηθεί αυτεπάγγελτα από το Στρατολογικό Γραφείο προς το Τμήμα Δημοτολογίου.;https://korinthos.gr/odhgos-polith/vasikes-uphresies/dhmotologio/pistopoihtiko-stratologias-gia-meiwmenh-thhteia-h-anavolh/;Δημοτολόγιο;στρατολογία, θητεία, αναβολή, ΚΕΠ
registry_office_overview;"Ποιες υπηρεσίες παρέχει το Ληξιαρχείο του Δήμου Κορινθίων;";Το Ληξιαρχείο διαχειρίζεται ληξιαρχικές πράξεις γέννησης, γάμου και θανάτου. Οι αιτήσεις υποβάλλονται μέσω της πλατφόρμας Intelligent City μετά από αυθεντικοποίηση στο gov.gr.;https://korinthos.gr/lhksiarxeio/;Ληξιαρχείο;ληξιαρχείο, γέννηση, γάμος, θάνατος
birth_registry_act;"Πώς εκδίδω Ληξιαρχική Πράξη Γέννησης;";Επιλέξτε την Κοινότητά σας, αυθεντικοποιηθείτε μέσω gov.gr (ΓΓΠΣ) και οδηγηθείτε στην πλατφόρμα Intelligent City για ηλεκτρονική αίτηση.;https://korinthos.gr/odhgos-polith/vasikes-uphresies/lhksiarxeio/;Ληξιαρχείο;ληξιαρχείο, πράξη γέννησης, govgr
marriage_registry_act;"Πώς εκδίδω Ληξιαρχική Πράξη Γάμου;";Επιλέξτε την Κοινότητά σας, αυθεντικοποιηθείτε μέσω gov.gr (ΓΓΠΣ) και οδηγηθείτε στην πλατφόρμα Intelligent City για ηλεκτρονική αίτηση.;https://korinthos.gr/odhgos-polith/vasikes-uphresies/lhksiarxeio/;Ληξιαρχείο;ληξιαρχείο, πράξη γάμου, govgr
death_registry_act;"Πώς εκδίδω Ληξιαρχική Πράξη Θανάτου;";Επιλέξτε την Κοινότητά σας, αυθεντικοποιηθείτε μέσω gov.gr (ΓΓΠΣ) και οδηγηθείτε στην πλατφόρμα Intelligent City για ηλεκτρονική αίτηση.;https://korinthos.gr/odhgos-polith/vasikes-uphresies/lhksiarxeio/;Ληξιαρχείο;ληξιαρχείο, πράξη θανάτου, govgr
electoral_changes_address;"Πού μπορώ να κάνω αλλαγή διεύθυνσης στους εκλογικούς καταλόγους;";Οι αλλαγές διεύθυνσης γίνονται: 1) στο Τμήμα Εκλογικών Καταλόγων, 2) στα ΚΕΠ, 3) στις έξι Δημοτικές Κοινότητες. Απαιτείται ταυτότητα και αποδεικτικό κατοικίας (εκκαθαριστικό ή λογαριασμός ΔΕΚΟ).;https://korinthos.gr/odhgos-polith/vasikes-uphresies/eklogikoi-katalogoi/;Εκλογικοί Κατάλογοι;εκλογές, αλλαγή διεύθυνσης, ΚΕΠ
electoral_changes_district;"Πώς αλλάζω εκλογικό διαμέρισμα;";Η αλλαγή γίνεται στο Τμήμα Εκλογικών Καταλόγων, στα ΚΕΠ ή στις Δημοτικές Κοινότητες. Απαιτείται ταυτότητα και, αν υπάρχει αλλαγή διεύθυνσης, αποδεικτικό κατοικίας.;https://korinthos.gr/odhgos-polith/vasikes-uphresies/eklogikoi-katalogoi/;Εκλογικοί Κατάλογοι;εκλογικό διαμέρισμα, αλλαγή, ΚΕΠ
electoral_eu_citizens;"Πώς εγγράφονται Ευρωπαίοι πολίτες στους ειδικούς εκλογικούς καταλόγους;";Οι εγγραφές ισχύουν για Δημοτικές Εκλογές και Ευρωεκλογές. Οι πολίτες Ε.Ε. προσέρχονται στον Δήμο με ταυτότητα ή διαβατήριο και συμπληρώνουν σχετική αίτηση.;https://korinthos.gr/odhgos-polith/vasikes-uphresies/eklogikoi-katalogoi/;Εκλογικοί Κατάλογοι;ευρωπαίοι πολίτες, εκλογές, κατάλογοι
electoral_nonlocal_register;"Πώς εγγράφομαι στους ειδικούς καταλόγους ετεροδημοτών;";Η εγγραφή ισχύει για Βουλευτικές Εκλογές και Ευρωεκλογές. Γίνεται όλο το έτος: 1) στο Τμήμα Εκλογικών Καταλόγων, 2) στα ΚΕΠ. Απαιτείται ταυτότητα και αίτηση (ή εξουσιοδότηση). Ισχύει επ’ αόριστον.;https://korinthos.gr/odhgos-polith/vasikes-uphresies/eklogikoi-katalogoi/;Εκλογικοί Κατάλογοι;ετεροδημότες, εκλογές, εγγραφή, ΚΕΠ
electoral_nonlocal_deletion;"Πώς γίνεται διαγραφή από τους ειδικούς καταλόγους ετεροδημοτών;";Οι διαγραφές ισχύουν για Βουλευτικές Εκλογές και Ευρωεκλογές και γίνονται καθ’ όλη τη διάρκεια του έτους: 1) στο Τμήμα Εκλογικών Καταλόγων, 2) στα ΚΕΠ. Απαιτείται ταυτότητα και αίτηση (ή εξουσιοδότηση).;https://korinthos.gr/odhgos-polith/vasikes-uphresies/eklogikoi-katalogoi/;Εκλογικοί Κατάλογοι;ετεροδημότες, διαγραφή, εκλογές, ΚΕΠ
marriage_declaration_place;"Πού γίνεται η δήλωση του γάμου;";Κάθε γάμος (θρησκευτικός ή πολιτικός) που τελείται εντός των ορίων του Δήμου Κορινθίων δηλώνεται στο αντίστοιχο Ληξιαρχείο της Δημοτικής Ενότητας όπου έλαβε χώρα.;https://korinthos.gr/politikoi-gamoi/;Πολιτικοί Γάμοι;γάμος, δήλωση, ληξιαρχείο
marriage_declaration_time;"Πότε πρέπει να δηλωθεί ο γάμος;";Εμπρόθεσμη δήλωση: εντός 40 ημερών από την τέλεση. \nΕκπρόθεσμη: από την 41η έως την 130η ημέρα, πρόστιμο 100 €. \nΜετά την 130η ημέρα, πρόστιμο 300 €.;https://korinthos.gr/politikoi-gamoi/;Πολιτικοί Γάμοι;γάμος, προθεσμία, πρόστιμο
marriage_declaration_who;"Από ποιον δηλώνεται ο γάμος;";Ο γάμος δηλώνεται από έναν εκ των δύο συζύγων ή από τρίτο πρόσωπο με συμβολαιογραφικό πληρεξούσιο.;https://korinthos.gr/politikoi-gamoi/;Πολιτικοί Γάμοι;γάμος, δήλωση, σύζυγοι
marriage_required_docs;"Τι δικαιολογητικά απαιτούνται για τη δήλωση του γάμου;";- Δήλωση γάμου υπογεγραμμένη από ιερέα ή δήμαρχο, συζύγους και μάρτυρες. \n- Ταυτότητες ή διαβατήρια. \n- Πιστοποιητικά γέννησης τελευταίου τριμήνου. \n- ΑΦΜ & ΑΜΚΑ συζύγων. \n- Αν υπάρχει, Ασφαλιστικός Φορέας. \n- Πράξη προσδιορισμού επωνύμου τέκνων.;https://korinthos.gr/politikoi-gamoi/;Πολιτικοί Γάμοι;γάμος, δικαιολογητικά, ληξιαρχείο
marriage_religious_blessing;"Τι ισχύει για την ιερολόγηση πολιτικού γάμου;";Η ιερολόγηση δηλώνεται: 1) στο Ληξιαρχείο που τελέστηκε και δηλώθηκε ο πολιτικός γάμος ή 2) στο Ληξιαρχείο του θρησκευτικού γάμου. Απαιτείται η Ληξιαρχική Πράξη Πολιτικού Γάμου.;https://korinthos.gr/politikoi-gamoi/;Πολιτικοί Γάμοι;γάμος, ιερολόγηση, πολιτικός
marriage_religious_docs;"Ποια δικαιολογητικά χρειάζονται για την ιερολόγηση του γάμου;";- Δήλωση γάμου από τον ιερέα. \n- Ταυτότητες ή διαβατήρια των συζύγων.;https://korinthos.gr/politikoi-gamoi/;Πολιτικοί Γάμοι;γάμος, ιερολόγηση, δικαιολογητικά
civil_union_declaration;"Πού δηλώνεται το σύμφωνο συμβίωσης;";Το σύμφωνο συμβίωσης δηλώνεται στο Ληξιαρχείο του τόπου κατοικίας των δύο συμβαλλομένων ή του ενός εξ αυτών.;https://korinthos.gr/symfwno-symbiwshs/;Σύμφωνο Συμβίωσης;σύμφωνο, συμβίωση, ληξιαρχείο
civil_union_required_docs;"Τι δικαιολογητικά απαιτούνται για τη δήλωση συμφώνου συμβίωσης;";- Πρωτότυπο Σύμφωνο Συμβίωσης. \n- Ταυτότητες των συμβαλλομένων. \n- ΑΦΜ & ΑΜΚΑ (ή υπεύθυνη δήλωση μη ύπαρξης). \n- Εφόσον υπάρχει, Ασφαλιστικός Φορέας. \n- Πιστοποιητικά γέννησης τελευταίου τριμήνου.;https://korinthos.gr/symfwno-symbiwshs/;Σύμφωνο Συμβίωσης;σύμφωνο, συμβίωση, δικαιολογητικά
municipal_fees_info;"Πού θα βρω πληροφορίες για τα ανταποδοτικά τέλη;";Οι πληροφορίες για τα ανταποδοτικά τέλη βρίσκονται στη σελίδα του Δήμου Κορινθίων.;https://korinthos.gr/odhgos-polith/vasikes-uphresies/antapodotika-telh/;Άδειες & Τέλη;τέλη, δημοτικά, ανταποδοτικά
kep_info;"Τι είναι τα ΚΕΠ και ποιο είναι το ωράριό τους;";Τα ΚΕΠ (Κέντρα Εξυπηρέτησης Πολιτών) λειτουργούν για τη μείωση γραφειοκρατίας και εξυπηρέτηση πολιτών. \nΩράριο: Δευ–Παρ 07:30–15:30. \nΚεντρικό ΚΕΠ Κορίνθου: Δευ–Παρ 08:00–19:30, Σάβ 08:00–13:30. \nMyKEPLive: Δευ–Παρ 08:00–14:30.;https://korinthos.gr/odhgos-polith/vasikes-uphresies/kep/;ΚΕΠ;ΚΕΠ, ωράριο, εξυπηρέτηση, πολίτες
kep_corinth_contact;"Ποια είναι τα στοιχεία επικοινωνίας του ΚΕΠ Κορίνθου;";Διεύθυνση: Κωστή Παλαμά 53, 20131 Κόρινθος. \nEmail: n.korinthias@kep.gov.gr. \nΤηλέφωνα: 2741363555, 27413-63503, 27413-63510, 27410-76358, 27410-76507.;https://korinthos.gr/odhgos-polith/vasikes-uphresies/kep/;ΚΕΠ;ΚΕΠ, Κόρινθος, επικοινωνία
citizen_line_phone;"Ποιος είναι ο αριθμός της Γραμμής Δημότη;";Γραμμή Δημότη: 2741080000;https://korinthos.gr/;Αναφορές & Βλάβες;γραμμή δημότη, αναφορά, τηλέφωνο
cityhall_callcenter_phone;"Ποιο είναι το τηλεφωνικό κέντρο του Δήμου;";Τηλεφωνικό Κέντρο Δήμου: 2741361000;https://korinthos.gr/;Δήμος – Γενικά;τηλεφωνικό κέντρο, δήμος, επικοινωνία
lighting_faults_phone;"Πού καλώ για βλάβες ηλεκτροφωτισμού;";Βλάβες Ηλεκτροφωτισμού: 2741120134;https://korinthos.gr/;Αναφορές & Βλάβες;ηλεκτροφωτισμός, βλάβες, τεχνικές υπηρεσίες
protocol_cityhall_contact;"Ποιο είναι το τηλέφωνο και email του Πρωτοκόλλου Δημαρχείου;";Τηλέφωνο: 2741361074 \nEmail: protokollo@korinthos.gr;https://korinthos.gr/;Δήμαρχος & Διοίκηση;πρωτόκολλο, δημαρχείο, επικοινωνία
protocol_tech_services_contact;"Ποιο είναι το τηλέφωνο και email του Πρωτοκόλλου Τεχνικών Υπηρεσιών;";Τηλέφωνο: 2741362840 \nEmail: grammateia_dtyp@korinthos.gr;https://korinthos.gr/;Τεχνικές Υπηρεσίες;πρωτόκολλο, τεχνικές υπηρεσίες, επικοινωνία
deya_corinth_info;"Πώς επικοινωνώ με τη ΔΕΥΑ Κορίνθου;";ΔΕΥΑ Κορίνθου \nΤηλέφωνο βλαβών (24ωρο): 6936776041 \nΤηλ. Κέντρο: 2741024444 \nEmail: info@deyakor.gr;https://deyakor.gr/;Αναφορές & Βλάβες;ΔΕΥΑΚ, ύδρευση, αποχέτευση, βλάβες
digital_repository_info;"Τι είναι το Ψηφιακό Αποθετήριο του Δήμου Κορινθίων;";Η πλατφόρμα παρέχει πρόσβαση σε ψηφιοποιημένα στελέχη οικοδομικών αδειών (1946–1990) και δυνατότητα ηλεκτρονικής αίτησης για φάκελο οικοδομικής άδειας (1956–1983). Στόχος είναι η διαφάνεια και η διευκόλυνση των πολιτών.;https://korinthos-digihub.evolution-isa.gr/;Τεχνικές Υπηρεσίες;ψηφιακό αποθετήριο, οικοδομικές άδειες, διαφάνεια
tourist_archaeological_sites;"Ποιοι είναι οι σημαντικότεροι αρχαιολογικοί χώροι και μνημεία της Κορίνθου;";Στην περιοχή του Δήμου Κορινθίων μπορείτε να επισκεφθείτε: \n1. Αρχαιολογικός χώρος Τενέας \n2. Λατομεία πωρολίθου στα Εξαμίλια \n3. Αρχαιολογικός χώρος Αρχαίας Κορίνθου \n4. Βήμα Αποστόλου Παύλου \n5. Ακροκόρινθος \n6. Κάστρο Πεντεσκούφι \n7. Αρχαίο Λιμάνι Λεχαίου \n8. Παλαιοχριστιανική Βασιλική Λεχαίου \n9. Αρχαίο Λιμάνι Κεγχρεών \n10. Εξαμίλιον Τείχος \n11. Δίολκος;https://visitcorinth.gr/anakalypste/arxaiologikoi-xoroi-mnimeia/;Τουρισμός;τουρισμός, αρχαιολογία, μνημεία, αξιοθέατα, Κόρινθος
